Aboard
Accompanied
Acting Hand
Aegon Targaryen,Aegon
Aemon Sam
Aemon Targaryen,Aemon
Aeron Greyjoy,Aeron
Aerys Targaryen,Targaryen,Aerys,Mad Aerys Targaryen
After Tommen
Afterward
Aggo
Akho
Alayne
Alliser Thorne,Alliser,Thorne
Alone
Alton Lannister,Alton
Amidst
Amory Lorch,Lorch,Amory
Anara
Angered
Anguy
Annoyed
Anya Waynwood,Waynwood
Anyone
Apart
Arbor
Areo Hotah,Areo,Hotah
Armeca
Armed
Army
Arthur Dayne,Arthur,Dayne
Arya Stark,Arya,Arya Stark Baelish
Ask
Asshai
Astapor
At Karl,At
Atop
Aunt Lyanna
Aware
Awoken
Axell Florent
Back
Baelor
Balon Greyjoy
Balon King,Balon
Bannen
Baratheons
Barra
Barristan Selmy,Barristan,Selmy
Bastard Girls
Battle,Battle Ashford
Bear,Bear Island,Old Bear
Belicho Paenymion
Benjen Stark,Benjen,Star,Stark
Beric Dondarrion,Beric,Dondarrion
Berserk
Bert
Bewildered
Beyond
Bianca
Biter
Black Cells
Black Cliffs
Black Rat
Black Walder,Black Walder Rivers,Walder
Blackfish
Blackmont
Blackwater Bay,Blackwater
Blessed
Bloody Gate
Bloody Hand,Hand
Boltons
Bones,The Bones,Garden Bones
Book Brothers,Book
Boros Blount
Bowen Marsh,Bowen
Boy
Braavos,First Sword Braavos,Titan Braavos,Iron Bank Braavos,Free City Braavos,Braavosi
Bran Stark,Bran
Brandon
Bridge Volantis
Brienne,Brienne Tarth
Broken Tower,Tower
Bronn
Brother Lancel
Brotherhood Without Banners,Banners,Brotherhood
Brusco
Brutal
Brynden Tully,Brynden,Brynden The Blackfish Tully
Burn
Caleotte
Calla
Capital
Captain
Casterly Rock
Castle Black,Battle Castle Black,Castle
Castle Stokeworth
Catelyn Stark,Catelyn,Cat
Cersei Lannister,As Cersei Lannister,Cersei
Cerwyns
Chamber
Children
Chosen
City Watch,City
Cleon
Coming
Commander
Common Tongue,Tongue
Conclave
Conquer,Conqueror
Convinced
Covered
Crag
Crane
Craster Keep
Crasters Keep,Craster
Cressen
Cripples
Crossroads Inn,Inn,In
Crown,Crow,Crownlands
Daario Naharis,Daario
Daenarys
Daenerys Targaryen,Daenerys,Daenerys Stormborn House Targaryen
Dagmer,Dagmer Cleftjaw
Daisy
Dany,Dany Dothraki
Davos An History Aegon
Davos Seaworth,Davos
Daznak Pit
Dead
Deepwood Motte,Mott
Delighted
Denys Mallister
Direwolves
Disgusted
Distraught
Dolorous Edd
Dontos
Doom Valyria
Doran Martell,Doran Martell Dorne,Doran
Doreah
Dorne
Dornish Lords,Lords,Dornish,Lord
Dornishman Wife
Dosh Khaleen,Dosh
Dothraki Sea,Dothrak,Dothraki
Down
Dragon Queen,Queen,Dragon
Dragonglass
Dragonstone,House Baratheon Dragonstone
Dreadfort
Drogon
Drowned God,God
Drowned Men
Drowned Priest
Eastern Road,East
Edd The,Edd
Eddard Stark,Eddard
Eddison Tollett,Eddison
Edmure Tully,Edmure
Egg,Egg Aegon V
Elia Martell,Elia,Martell
Ellaria Sand,Ellaria
En,Storm End
Eraz
Essence Nightshade
Essos
Euron Greyjoy,Euron
Exhausted
Eye
Eyrie,Eyrie High
Faceless Man
Faceless Men
Faith Militant,Faith
Farther
Fascinated
Father
Fearful
Fennesz
Fennez
Filled
Fine
Fingers
First Builder,Builder,First Builder Othell Yarwyck,First
First His Name
First Men
First Ranger
Fist
Flea Bottom
Forced
Forlorn
Free Cities
Free City Volantis,Volantis,Free City Qohor
Free Folk
Freys
Frostfangs
Frozen
Frustrated
Fuck
Furthermore
Gared
Gendry
Genna
Gerold Hightower,Gerold
Ghezn
Ghost
Gift
Gilly
Glovers,Glover
Gods Laws
Godswood
Gold Dragons
Good Masters,Good Masters Astapor
Grace,Graces
Grand Pycelle,Pycelle
Great Hall,Great
Great Houses
Great Khal
Great Masters,Masters,Meereenese Great Masters
Great Other
Great Pit,Pit,Great Pit Daznak
Great Pyramid
Great Ranging,Ran
Great Sept,Great Sept Baelor
Greatjon Umber,Greatjon
Green Fork
Greensight
Gregor Clegane,Gregor
Grenn
Grey Wind
Grey Worm
Greyguard
Greyjoy Rebellion
Greyjoys
Greyscale,Shireen Greyscale
Growing Strong
Guard
Guild
Hall Faces
Hands
Hardhome
Harpy,Harpy Son
Harrenhal,Whent Harrenhal
Haunted Forest,Forest
Having
Hearth,Heart
Heavy
Heward
High Hall,Hall
High Priestess,Priestess
High Septon,Septon
High Sparrow,Sparrow
High Valyrian
Highgarden
Hizdahr
Hobb
Hodor
Hollard
Hollow Hill,Hill
Horrified
Hoster Tully,Hoster
Hot Pie,Pie
Hound Clegane,Hound
House Arryn
House Black
House Bolton,Bolton
House Frey
House Greyjoy
House Karstark
House Lannister
House Martell,House Martell Dorne
House Reed
House Reyne Castamere
House Stark
House Targaryen
House Tarth
House Tyrell,House,Tyrell
Howland Reed,Howland
Hugh
Ice Cells,Ice
Iggo
Illyrio Mopatis,Magister Illyrio Mopatis Pentos,M,Illyrio
Ilyn Payne,Ilyn
Imp
Infuriated
Inside Bran
Intrigued
Iron Bank,Bank,Iron Bank Braavos
Iron Fleet
Iron Islands
Iron Throne,Throne,Iron
Ironborn
Irri
Jafer Flowers,Flowers
Jaime Dornish
Jaime Lannister,Jaime,Lannister
Jamie
Janos Slynt,Janos,Slynt
Jaqen H,Jaqen
Jeor Mormont,Jeor
Jhiqui
Joanna
Joffrey Baratheon,,Joffrey,Baratheon
Jojen Reed,Jojen,Reed
Jon Arryn,Arry,Jon,Arryn
Jon Snow
Jon Umber,Umber
Jon We
Jorah Mormont,Jorah,Mormont
Jory Cassel,Jory
Joyeuse
Karhold
Karl Tanner,Karl
Karlon Stark
Karsi
Karstarks
Kayla
Kevan Lannister,Kevan
Khal Drogo,Drogo
Khal Moro,Moro,Khal
Khalar
Khalasar
Khaleesi
Kingslayer
Kingsmoot
Kingsroad
Kingswood
Kinvara
Kovarro
Kraznys,Kraznys The Unsullied
Lady
Lancel Lannister,Lancel
Landing
Lands Always Winter
Lanna
Lannister Camp,Camp
Lannister Monster
Lannisters
Later
Leaf
Leave
Let
Lhara
Lhazareen,Lhazar
Liberation
Light
Little Bird Spies
Little Sam
Littlefinger
Lives Four Kings
Loboda
Locke
Lollys Stokeworth,Lollys
Lommy Greenhands,Lommy
Long Bridge
Long Farewell
Long Night
Longclaw
Look
Loraq
Loras Tyrell,Loras
Lordsport
Lorren
Lothar Frey,Lothar
Low Valyrian,Valyrian,Valyria
Luwin
Lyanna Mormont,Lyanna
Lyanna Stark
Lysa Arryn
Lysa Tully,Lysa,Lys,Tully
Lysene
Mace Tyrell,Mace,Master Coin Mace Tyrell
Mad King,Mad
Maegor Holdfast,Hold
Maester,Order Maesters
Mag,Mag Mar Tun Doh Weg,Maggy,Mago
Maiden Fair
Malko
Mance Rayder,Rayder,Mance
Mandon Moore,Mandon
Marei
Margaery Tyrell
Marillion
Martells
Martyn Lannister,Martyn
Master Coin
Master Laws
Master Mighdal,Mighdal
Master Ships
Master Whisperers
Matthos Seaworth,Matthos
Mazins
Meera Reed,Meera
Meereenese Knot,Meereenese,Meereen
Meerenese Pit Fighter
Melara Hetherspoon,Melara
Melisandre,Melisandre God
Mero
Meryn Trant,Trant,Meryn,Meryn Trant Meryn Trant
Mhaegen
Mighty
Mikken
Milk
Mirri Maz Duur,Duur
Missandei,Missandei Naath,Missandei Daenerys
Moat Cailin
Mole Town,Town
Mollified
Moon Door
Morghulis
Morning
Mossador
Mother,Mother Dragons
Mountain That Rides
Mud Gate
Mummer Ford
Mutiny
My Lord
Mycah
Myranda
Myrcella Baratheon,Myr,My,Myrcella
Myrcella Lannister
NORTH
Naath
Nakloz
Narrow Sea
Neck
Ned Stark,Ned
Needle
New
Night King
Night Lands
Night Watch,Night Watchman
Nightfort
Nights Watch,Watch,Night
North Edit,North,Nor,No
Northeners
Northern Lords,Northern
Northerners
Norvosi
Nymeria Sand,Nymeria,Nym
Oathkeeper
Obara Sand,Obara
Obedient
Oberyn Martell,Oberyn
Oh
Old Ghiscari,Ghiscari
Old Gods
Old Nan,Old
Old Tongue
Old Valyria
Oldtown
Olenna Tyrell,Olenna
Olly
Olyvar Frey,Frey,Olyvar
Onion Knight,On
Ordered
Orell
Ornela
Orson
Osha
Othell Yarwyck,Yarwyck
Othor
Oxcross,Battle Oxcross
Painted Table
Paramount
Pentos,Free City Pentos,Pentoshi
Petyr Baelish,Petyr Littlefinger Baelish,Baelish,Petyr
Piggy
Pits
Planky Town
Podrick Payne,Pod,Podrick,Podrick Payne Stannis
Polliver
Poppy
Prendahl
Prince
Prologue
Protector
Pyat Pree,Pree
Pyke,Siege Pyke
Pypar,Pyp
Qaggaz
Qarth,Qartheen,Warlocks Qarth
Qhorin Halfhand,Qhorin,Halfhand
Qotho
Quaithe,Quaithe Asshai
Queensgard
Queensguard
Quick
Qyburn,Qyburn Grand Maester
Rains Castamere
Rakharo
Ralf Kenning
Ramsay Bolton
Ramsay Snow,Snow,Ramsay
Randyll Tarly,Randyll,Tarly
Rast
Rat Cook
Raven
Razdal,Wise Master Razdal
Reach
Realm
Red Comet
Red Flea
Red Fork,For
Red Keep,Keep
Red Priest,Red Priestess Melisandre,Red Priestess,High Red Priestess
Red Priestess
Red Waste
Red Wedding
Reeds
Reek
Regent
Renly Baratheon,Renly
Rhaegal
Rhaegar Targaryen,Crown Rhaegar Targaryen,Rhaegar
Rhaego
Rhaenyra
Rhaenys
Rickard Karstark,Karstark
Rickard Stark,Rickard
Rickon Stark,Rickon
River Trident,Trident,Green Fork Trident River
Riverlands
Riverlords
Rivermen
Riverrun
Robb Stark,North Robb Stark
Robert Baratheon,Robert,Robert Baratheon Kingsguard
Robert Rebellion
Robert Stannis
Robin,Robin Arryn
Rodrik Cassel,Rodrik
Roose Bolton,Roose
Rorge
Roslin Frey,Ros,Roslin
Royal Fleet,Royal
Runestone
Sack,Sack Astapor
Saddened
Salladhor Saan,Salladhor
Salt Throne
Samwall
Samwell Tarly,Samwell,Sam
Sand Snakes
Sandor Clegane,Clegane,Sandor The Hound Clegane,Hound Sandor Clegane,Sandor
Sands
Sansa Meanwhile
Sansa Robb,Robb,Sansa
Sansa Stark
Sapphire Isle
Satisfied
Savior
Savo
Second Sons,Sons,Son
Selwyn Tarth,Tarth,Selwyn
Selyse Baratheon,Selyse
Septa Mordane,Sept,Mord
Septa Unella,Unella
Seven Kingdoms,Kingdom,Seven,Kingdoms
Shadow Lands
Shadow Tower,Shadow
Shae
Shagga
Shaggydog
Shaken
Shireen Baratheon,Shireen House Baratheon,Shireen
Sick
Siege Old Wyk
Sight
Silent Sister
Silent Sisters
Sissy
Skirling Pass
Slaver Bay
Slavers Bay
Small Council,Council
Smalljon
Smoking Sea
South,Southerners
Sow
Sparrows
Spice King
Stallion Who Mounts
Stannis Baratheon,Stannis
Stark Valyrian
Starks
Steelshanks
Stick
Stiv
Stone Men
Stone Mill,Battle Stone Mill
Stonemen
Stony Shore
Stormcrows
Stormlands
Stranger
Styr
Sumai
Summary
Summer Isles,Summer
Sunspear
Sweetrobin Arryn
Sworn Brothers,Brothers,Brother
Syrio Forel,Syrio
Talisa Maegyr,Talisa
Talisa Volantis,Volantis,Talisa
Tall
Targaryen Conquest,Targaryen
Targaryen Kingsguard,Kingsguard
Targaryens
Tears Lys
Temple,Red Temple Volantis
Ternesio Terys
Terrified
That Was Promised,The That Was Promised
The Citadel,Citadel
The King,King,The Night King
The Mountain,Mountain
Thenn,Thenns
Theon Greyjoy,Greyjoy,Theon
Therefore
Thin Man,Thin
Thirteen
This
Thoros,Thoros Myr
Thoughtful
Throne Room
Tickler
Tied
Titan Bastard
Tobho Mott
Tommen Baratheon,Tommen
Tormund Giantsbane,Giant,Tormund
Torrhen Karstark,Torrhen
Torrhen Square
Tourney
Tower Joy
Townshall
Trident River
Trystane Martell,Trystane,Trystane Martell Jaime
Tullys
Twins
Tycho Nestoris,Tycho
Tyene Sand,Tyene
Tyrells Margaery,Margaery,Tyrells
Tyrion Lannister,Tyrion
Tysha
Tywin Lannister,Tywin
Umbers,Umber
Unafraid
Unburnt
Uncle Benjen
Undaunted
Underneath
Undeterred
Undying
Unexpected
Unknown
Unsullied
Upon
Vaes Dothrak
Vala,Valahd
Vale,Vale Arryn
Vance Corbray,Corbray
Vardis Egen,Egen,Vardis
Varys
Vhagar
Viper
Viserion
Viserys
Volantene
Waif,Waif In Braavos
Walda Bolton,Walda
Walder Frey
Walk Punishment
Wall
War,Master War,Warden
Watch Thorne
Watchman
Water Dancer,Dance,Braavosi Water Dancer
Water Dancing
Water Gardens,Water Gardens Dorne,Gardens
Waymar Royce,Waymar,Royce
Weirwood
Westerlands
Westeros,Tongue Westeros,Westerosi,His Conquest Westeros
Westoros
Whispering Wood
White Harbor
White Rat
White Sword Tower,Sword
White Walker
White Walkers,Walker,White,White Walker,Walkers
Who Lost
Widow Wail
Wight
Wildfire
Wildlings,Wildling
Willas Bracken,Will
Willem Lannister,Willem
Winterfell,Baelish At Winterfell,Sack Winterfell,Battle Winterfell,Winter,Stark Winterfell
Wisdom Hallyne,Hallyne
Wise Masters,Wise,Wise Masters Yunkai
Within
Wolf Bread
Wolfswood
Wolkan
Woods
World,Stallion That Mounts The World
Wun Wun
Wylis
Wylla,Wyl
Xaro,Xaro Xhoan Daxos
Yara Greyjoy,Yara,Greyjoy
Yezzan
Ygritte
Yohn Royce,Yohn
Yoren
You
Yunkai
Yunkish
Zalla
in Tywin
